{"cameraMode":{"drawMode":0,"name":"Shaded","section":"Shading Mode"},"sceneLighting":true,"audioPlay":false,"sceneViewState":{"m_AlwaysRefresh":false,"showFog":true,"showSkybox":true,"showFlares":true,"showImageEffects":true,"showParticleSystems":true,"showVisualEffectGraphs":true,"m_FxEnabled":true},"in2DMode":false,"pivot":{"x":-11.990781784057618,"y":-8.272168159484864,"z":14.904019355773926},"rotation":{"x":-0.28842127323150637,"y":0.2782093286514282,"z":-0.08798641711473465,"w":-0.9119634032249451},"size":10.449999809265137,"orthographic":false}