{"cameraMode":{"drawMode":0,"name":"Shaded","section":"Shading Mode"},"sceneLighting":false,"audioPlay":false,"sceneViewState":{"m_AlwaysRefresh":false,"showFog":true,"showSkybox":false,"showFlares":true,"showImageEffects":true,"showParticleSystems":true,"showVisualEffectGraphs":true,"m_FxEnabled":true},"in2DMode":false,"pivot":{"x":-0.9211001396179199,"y":2.0593245029449465,"z":8.668405532836914},"rotation":{"x":0.11990698426961899,"y":0.8223463296890259,"z":-0.18855251371860505,"w":0.5236449837684631},"size":2.0591793060302736,"orthographic":false}