{"cameraMode":{"drawMode":0,"name":"Shaded","section":"Shading Mode"},"sceneLighting":false,"audioPlay":false,"sceneViewState":{"m_AlwaysRefresh":false,"showFog":true,"showSkybox":false,"showFlares":true,"showImageEffects":true,"showParticleSystems":true,"showVisualEffectGraphs":true,"m_FxEnabled":true},"in2DMode":false,"pivot":{"x":0.41600000858306887,"y":-0.29187440872192385,"z":1.0019999742507935},"rotation":{"x":-0.21830563247203828,"y":-0.3261285722255707,"z":0.08368288725614548,"w":-0.9171503782272339},"size":0.42461496591567995,"orthographic":false}