{"cameraMode":{"drawMode":0,"name":"Shaded","section":"Shading Mode"},"sceneLighting":false,"audioPlay":false,"sceneViewState":{"m_AlwaysRefresh":false,"showFog":true,"showSkybox":false,"showFlares":true,"showImageEffects":true,"showParticleSystems":true,"showVisualEffectGraphs":true,"m_FxEnabled":true},"in2DMode":false,"pivot":{"x":-3.7453360557556154,"y":1.93068265914917,"z":10.00956916809082},"rotation":{"x":0.06735525280237198,"y":0.9274094700813294,"z":-0.22536741197109223,"w":0.29446226358413699},"size":0.43469980359077456,"orthographic":false}