{"cameraMode":{"drawMode":0,"name":"Shaded","section":"Shading Mode"},"sceneLighting":false,"audioPlay":false,"sceneViewState":{"m_AlwaysRefresh":false,"showFog":true,"showSkybox":true,"showFlares":true,"showImageEffects":true,"showParticleSystems":true,"showVisualEffectGraphs":true,"m_FxEnabled":true},"in2DMode":false,"pivot":{"x":-10.838661193847657,"y":3.0433897972106935,"z":0.7149105668067932},"rotation":{"x":-0.13755062222480775,"y":0.8093019723892212,"z":-0.17647139728069306,"w":-0.5484783053398132},"size":0.8660253882408142,"orthographic":false}