{"cameraMode":{"drawMode":0,"name":"Shaded","section":"Shading Mode"},"sceneLighting":true,"audioPlay":false,"sceneViewState":{"m_AlwaysRefresh":false,"showFog":true,"showSkybox":true,"showFlares":true,"showImageEffects":true,"showParticleSystems":true,"showVisualEffectGraphs":true,"m_FxEnabled":true},"in2DMode":false,"pivot":{"x":-0.08298826962709427,"y":-123.98301696777344,"z":298.243896484375},"rotation":{"x":-0.1966109722852707,"y":-0.08404998481273651,"z":0.028538016602396966,"w":-0.976641833782196},"size":166.54278564453126,"orthographic":false}