{"cameraMode":{"drawMode":0,"name":"Shaded","section":"Shading Mode"},"sceneLighting":true,"audioPlay":false,"sceneViewState":{"m_AlwaysRefresh":false,"showFog":true,"showSkybox":true,"showFlares":true,"showImageEffects":true,"showParticleSystems":true,"showVisualEffectGraphs":true,"m_FxEnabled":true},"in2DMode":false,"pivot":{"x":194.27684020996095,"y":116.91214752197266,"z":-9.57965087890625},"rotation":{"x":-0.14986248314380647,"y":0.41018638014793398,"z":0.06373761594295502,"w":0.8985974192619324},"size":185.18869018554688,"orthographic":false}