{"cameraMode":{"drawMode":0,"name":"Shaded","section":"Shading Mode"},"sceneLighting":false,"audioPlay":false,"sceneViewState":{"m_AlwaysRefresh":false,"showFog":true,"showSkybox":true,"showFlares":true,"showImageEffects":true,"showParticleSystems":true,"showVisualEffectGraphs":true,"m_FxEnabled":true},"in2DMode":false,"pivot":{"x":-36.011146545410159,"y":3.2520954608917238,"z":-213.72720336914063},"rotation":{"x":-0.01641472801566124,"y":-0.6916770935058594,"z":-0.04441399872303009,"w":0.7247464060783386},"size":12.079748153686524,"orthographic":false}