{"cameraMode":{"drawMode":0,"name":"Shaded","section":"Shading Mode"},"sceneLighting":false,"audioPlay":false,"sceneViewState":{"m_AlwaysRefresh":false,"showFog":true,"showSkybox":true,"showFlares":true,"showImageEffects":true,"showParticleSystems":true,"showVisualEffectGraphs":true,"m_FxEnabled":true},"in2DMode":false,"pivot":{"x":-311.9020080566406,"y":-11.453225135803223,"z":92.62688446044922},"rotation":{"x":0.18691009283065797,"y":-0.40567514300346377,"z":0.06045949459075928,"w":0.8962335586547852},"size":20.354122161865236,"orthographic":false}