{"cameraMode":{"drawMode":0,"name":"Shaded","section":"Shading Mode"},"sceneLighting":true,"audioPlay":false,"sceneViewState":{"m_AlwaysRefresh":false,"showFog":true,"showSkybox":true,"showFlares":true,"showImageEffects":true,"showParticleSystems":true,"showVisualEffectGraphs":true,"m_FxEnabled":true},"in2DMode":false,"pivot":{"x":-150.6869354248047,"y":-19.543994903564454,"z":1010.45849609375},"rotation":{"x":0.01320728100836277,"y":0.003522520884871483,"z":0.0006518784211948514,"w":1.0008037090301514},"size":483.7129211425781,"orthographic":false}