{"cameraMode":{"drawMode":0,"name":"Shaded","section":"Shading Mode"},"sceneLighting":true,"audioPlay":false,"sceneViewState":{"m_AlwaysRefresh":false,"showFog":true,"showSkybox":true,"showFlares":true,"showImageEffects":true,"showParticleSystems":true,"showVisualEffectGraphs":true,"m_FxEnabled":true},"in2DMode":false,"pivot":{"x":-129.68746948242188,"y":-22.670564651489259,"z":-6.1049323081970219},"rotation":{"x":0.08505936712026596,"y":0.8206479549407959,"z":-0.1028362363576889,"w":0.5600342750549316},"size":2.4758834838867189,"orthographic":false}