{"cameraMode":{"drawMode":0,"name":"Shaded","section":"Shading Mode"},"sceneLighting":true,"audioPlay":false,"sceneViewState":{"m_AlwaysRefresh":false,"showFog":true,"showSkybox":true,"showFlares":true,"showImageEffects":true,"showParticleSystems":true,"showVisualEffectGraphs":true,"m_FxEnabled":true},"in2DMode":false,"pivot":{"x":-6.384674072265625,"y":1.1673564910888672,"z":-7.816257476806641},"rotation":{"x":-0.024716181680560113,"y":0.9938903450965881,"z":-0.1308605819940567,"w":-0.023988844826817514},"size":1.842610239982605,"orthographic":false}