{"cameraMode":{"drawMode":0,"name":"Shaded","section":"Shading Mode"},"sceneLighting":false,"audioPlay":false,"sceneViewState":{"m_AlwaysRefresh":false,"showFog":true,"showSkybox":true,"showFlares":true,"showImageEffects":true,"showParticleSystems":true,"showVisualEffectGraphs":true,"m_FxEnabled":true},"in2DMode":false,"pivot":{"x":-40.80875778198242,"y":-0.07687828689813614,"z":-19.43157958984375},"rotation":{"x":0.006018259096890688,"y":0.9932982921600342,"z":-0.06719373911619187,"w":0.0958109050989151},"size":10.428838729858399,"orthographic":false}