{"cameraMode":{"drawMode":0,"name":"Shaded","section":"Shading Mode"},"sceneLighting":true,"audioPlay":false,"sceneViewState":{"m_AlwaysRefresh":false,"showFog":true,"showSkybox":true,"showFlares":true,"showImageEffects":true,"showParticleSystems":true,"showVisualEffectGraphs":true,"m_FxEnabled":true},"in2DMode":false,"pivot":{"x":-247.39060974121095,"y":23.009172439575197,"z":10.547172546386719},"rotation":{"x":0.06772180646657944,"y":-0.9378541707992554,"z":0.2970999479293823,"w":0.17090684175491334},"size":25.441598892211915,"orthographic":false}