{"cameraMode":{"drawMode":0,"name":"Shaded","section":"Shading Mode"},"sceneLighting":true,"audioPlay":false,"sceneViewState":{"m_AlwaysRefresh":false,"showFog":true,"showSkybox":true,"showFlares":true,"showImageEffects":true,"showParticleSystems":true,"showVisualEffectGraphs":true,"m_FxEnabled":true},"in2DMode":false,"pivot":{"x":-125.82978820800781,"y":-1.762782096862793,"z":17.912555694580079},"rotation":{"x":0.06307036429643631,"y":0.2278755009174347,"z":-0.027132920920848848,"w":0.9713632464408875},"size":24.031396865844728,"orthographic":false}