{"cameraMode":{"drawMode":0,"name":"Shaded","section":"Shading Mode"},"sceneLighting":false,"audioPlay":false,"sceneViewState":{"m_AlwaysRefresh":false,"showFog":true,"showSkybox":true,"showFlares":true,"showImageEffects":true,"showParticleSystems":true,"showVisualEffectGraphs":true,"m_FxEnabled":true},"in2DMode":false,"pivot":{"x":39.55438995361328,"y":4.728055000305176,"z":-35.938209533691409},"rotation":{"x":0.028653515502810479,"y":-0.9310622215270996,"z":0.36542248725891116,"w":0.047553710639476779},"size":0.6469107270240784,"orthographic":false}