{"cameraMode":{"drawMode":0,"name":"Shaded","section":"Shading Mode"},"sceneLighting":false,"audioPlay":false,"sceneViewState":{"m_AlwaysRefresh":false,"showFog":true,"showSkybox":true,"showFlares":true,"showImageEffects":true,"showParticleSystems":true,"showVisualEffectGraphs":true,"m_FxEnabled":true},"in2DMode":false,"pivot":{"x":865.1472778320313,"y":710.1905517578125,"z":-405.9071960449219},"rotation":{"x":0.0031746721360832454,"y":-0.01889105699956417,"z":-0.001755998469889164,"w":1.0013335943222047},"size":111.96328735351563,"orthographic":false}