{"cameraMode":{"drawMode":0,"name":"Shaded","section":"Shading Mode"},"sceneLighting":false,"audioPlay":false,"sceneViewState":{"m_AlwaysRefresh":false,"showFog":true,"showSkybox":true,"showFlares":true,"showImageEffects":true,"showParticleSystems":true,"showVisualEffectGraphs":true,"m_FxEnabled":true},"in2DMode":false,"pivot":{"x":0.18892063200473786,"y":1.7171111106872559,"z":-0.2900499105453491},"rotation":{"x":-0.16865700483322144,"y":-0.44636812806129458,"z":0.08607656508684159,"w":-0.8746005892753601},"size":0.6816393733024597,"orthographic":false}