{"cameraMode":{"drawMode":0,"name":"Shaded","section":"Shading Mode"},"sceneLighting":true,"audioPlay":false,"sceneViewState":{"m_AlwaysRefresh":false,"showFog":true,"showSkybox":true,"showFlares":true,"showImageEffects":true,"showParticleSystems":true,"showVisualEffectGraphs":true,"m_FxEnabled":true},"in2DMode":false,"pivot":{"x":-44.17721176147461,"y":3.0789129734039308,"z":-1.800572156906128},"rotation":{"x":-0.23204223811626435,"y":-0.39863088726997378,"z":0.12071161717176438,"w":-0.8797096610069275},"size":0.9457213878631592,"orthographic":false}