{"cameraMode":{"drawMode":0,"name":"Shaded","section":"Shading Mode"},"sceneLighting":false,"audioPlay":false,"sceneViewState":{"m_AlwaysRefresh":false,"showFog":true,"showSkybox":true,"showFlares":true,"showImageEffects":true,"showParticleSystems":true,"showVisualEffectGraphs":true,"m_FxEnabled":true},"in2DMode":false,"pivot":{"x":-46.02661895751953,"y":4.438955783843994,"z":-3.0864779949188234},"rotation":{"x":-0.002148090163245797,"y":0.6849443316459656,"z":0.002095635514706373,"w":0.728638768196106},"size":0.8660253882408142,"orthographic":false}