{"cameraMode":{"drawMode":0,"name":"Shaded","section":"Shading Mode"},"sceneLighting":false,"audioPlay":false,"sceneViewState":{"m_AlwaysRefresh":false,"showFog":true,"showSkybox":true,"showFlares":true,"showImageEffects":true,"showParticleSystems":true,"showVisualEffectGraphs":true,"m_FxEnabled":true},"in2DMode":false,"pivot":{"x":0.7440621852874756,"y":3.281165838241577,"z":1.6829750537872315},"rotation":{"x":0.0014536749804392458,"y":-0.9761183857917786,"z":0.21725443005561829,"w":0.006449101492762566},"size":0.6816393733024597,"orthographic":false}