{"cameraMode":{"drawMode":0,"name":"Shaded","section":"Shading Mode"},"sceneLighting":true,"audioPlay":false,"sceneViewState":{"m_AlwaysRefresh":false,"showFog":true,"showSkybox":true,"showFlares":true,"showImageEffects":true,"showParticleSystems":true,"showVisualEffectGraphs":true,"m_FxEnabled":true},"in2DMode":false,"pivot":{"x":-118.5948715209961,"y":13.548731803894043,"z":12.981274604797364},"rotation":{"x":-0.025583118200302125,"y":0.9656379818916321,"z":-0.23662453889846803,"w":-0.10440238565206528},"size":6.026110649108887,"orthographic":false}