{"cameraMode":{"drawMode":0,"name":"Shaded","section":"Shading Mode"},"sceneLighting":false,"audioPlay":false,"sceneViewState":{"m_AlwaysRefresh":false,"showFog":true,"showSkybox":true,"showFlares":true,"showImageEffects":true,"showParticleSystems":true,"showVisualEffectGraphs":true,"m_FxEnabled":true},"in2DMode":false,"pivot":{"x":2.6460819244384767,"y":0.6437122821807861,"z":0.7749999761581421},"rotation":{"x":0.2758253514766693,"y":-0.01180285308510065,"z":-0.015971049666404725,"w":0.9640083312988281},"size":2.265695095062256,"orthographic":false}