{"cameraMode":{"drawMode":0,"name":"Shaded","section":"Shading Mode"},"sceneLighting":true,"audioPlay":false,"sceneViewState":{"m_AlwaysRefresh":false,"showFog":true,"showSkybox":true,"showFlares":true,"showImageEffects":true,"showParticleSystems":true,"showVisualEffectGraphs":true,"m_FxEnabled":true},"in2DMode":false,"pivot":{"x":252.96914672851563,"y":-6.226847171783447,"z":-114.45203399658203},"rotation":{"x":0.002462762175127864,"y":0.853150486946106,"z":-0.025052659213542939,"w":0.5215725898742676},"size":166.54278564453126,"orthographic":false}