{"cameraMode":{"drawMode":0,"name":"Shaded","section":"Shading Mode"},"sceneLighting":true,"audioPlay":false,"sceneViewState":{"m_AlwaysRefresh":false,"showFog":true,"showSkybox":true,"showFlares":true,"showImageEffects":true,"showParticleSystems":true,"showVisualEffectGraphs":true,"m_FxEnabled":true},"in2DMode":false,"pivot":{"x":340.0714416503906,"y":114.87918090820313,"z":-351.5908508300781},"rotation":{"x":-0.023851869627833368,"y":0.5331043004989624,"z":0.015022884123027325,"w":0.8456195592880249},"size":2.7089028358459474,"orthographic":false}