{"cameraMode":{"drawMode":0,"name":"Shaded","section":"Shading Mode"},"sceneLighting":true,"audioPlay":false,"sceneViewState":{"m_AlwaysRefresh":false,"showFog":true,"showSkybox":true,"showFlares":true,"showImageEffects":true,"showParticleSystems":true,"showVisualEffectGraphs":true,"m_FxEnabled":true},"in2DMode":false,"pivot":{"x":-21.605472564697267,"y":-16.60253143310547,"z":16.239356994628908},"rotation":{"x":-0.28998851776123049,"y":0.4441593289375305,"z":-0.15452782809734345,"w":-0.8335216641426086},"size":18.519447326660158,"orthographic":false}