{"cameraMode":{"drawMode":0,"name":"Shaded","section":"Shading Mode"},"sceneLighting":true,"audioPlay":false,"sceneViewState":{"m_AlwaysRefresh":false,"showFog":true,"showSkybox":true,"showFlares":true,"showImageEffects":true,"showParticleSystems":true,"showVisualEffectGraphs":true,"m_FxEnabled":true},"in2DMode":false,"pivot":{"x":382.8510437011719,"y":151.93685913085938,"z":-0.05155634880065918},"rotation":{"x":-0.3613528609275818,"y":0.20774364471435548,"z":-0.08295416831970215,"w":-0.9052230715751648},"size":0.2118145078420639,"orthographic":false}