{"cameraMode":{"drawMode":0,"name":"Shaded","section":"Shading Mode"},"sceneLighting":true,"audioPlay":false,"sceneViewState":{"m_AlwaysRefresh":false,"showFog":true,"showSkybox":true,"showFlares":true,"showImageEffects":true,"showParticleSystems":true,"showVisualEffectGraphs":true,"m_FxEnabled":true},"in2DMode":false,"pivot":{"x":-43.90512466430664,"y":3.7783544063568117,"z":-0.21656721830368043},"rotation":{"x":0.03334343060851097,"y":0.9648550748825073,"z":-0.21202418208122254,"w":0.1517382264137268},"size":2.545584201812744,"orthographic":false}