{"cameraMode":{"drawMode":0,"name":"Shaded","section":"Shading Mode"},"sceneLighting":false,"audioPlay":false,"sceneViewState":{"m_AlwaysRefresh":false,"showFog":true,"showSkybox":false,"showFlares":true,"showImageEffects":true,"showParticleSystems":true,"showVisualEffectGraphs":true,"m_FxEnabled":true},"in2DMode":false,"pivot":{"x":-49.06381607055664,"y":3.9841971397399904,"z":-5.829131126403809},"rotation":{"x":-0.15143147110939027,"y":-0.15527589619159699,"z":0.029608434066176416,"w":-0.9768632054328919},"size":0.40747904777526858,"orthographic":false}