{"cameraMode":{"drawMode":0,"name":"Shaded","section":"Shading Mode"},"sceneLighting":false,"audioPlay":false,"sceneViewState":{"m_AlwaysRefresh":false,"showFog":true,"showSkybox":false,"showFlares":true,"showImageEffects":true,"showParticleSystems":true,"showVisualEffectGraphs":true,"m_FxEnabled":true},"in2DMode":false,"pivot":{"x":-49.17312240600586,"y":3.9748799800872804,"z":-5.805337905883789},"rotation":{"x":-0.15907900035381318,"y":-0.08448614925146103,"z":0.019148657098412515,"w":-0.9845657348632813},"size":0.40747904777526858,"orthographic":false}