{"cameraMode":{"drawMode":0,"name":"Shaded","section":"Shading Mode"},"sceneLighting":true,"audioPlay":false,"sceneViewState":{"m_AlwaysRefresh":false,"showFog":true,"showSkybox":true,"showFlares":true,"showImageEffects":true,"showParticleSystems":true,"showVisualEffectGraphs":true,"m_FxEnabled":true},"in2DMode":false,"pivot":{"x":-43.185089111328128,"y":3.4405758380889894,"z":-1.6993683576583863},"rotation":{"x":0.06697950512170792,"y":-0.9266336560249329,"z":0.19991090893745423,"w":0.31166163086891177},"size":0.045760829001665118,"orthographic":false}