{"cameraMode":{"drawMode":0,"name":"Shaded","section":"Shading Mode"},"sceneLighting":false,"audioPlay":false,"sceneViewState":{"m_AlwaysRefresh":false,"showFog":true,"showSkybox":false,"showFlares":true,"showImageEffects":true,"showParticleSystems":true,"showVisualEffectGraphs":true,"m_FxEnabled":true},"in2DMode":false,"pivot":{"x":41.95486831665039,"y":1.1021450757980347,"z":-105.02855682373047},"rotation":{"x":0.06908711791038513,"y":0.9310137033462524,"z":-0.19211909174919129,"w":0.31099361181259158},"size":1.7503477334976197,"orthographic":false}