{"cameraMode":{"drawMode":0,"name":"Shaded","section":"Shading Mode"},"sceneLighting":false,"audioPlay":false,"sceneViewState":{"m_AlwaysRefresh":false,"showFog":true,"showSkybox":false,"showFlares":true,"showImageEffects":true,"showParticleSystems":true,"showVisualEffectGraphs":true,"m_FxEnabled":true},"in2DMode":false,"pivot":{"x":-0.22056759893894196,"y":0.1609678864479065,"z":0.3479538857936859},"rotation":{"x":0.07876547425985336,"y":0.9195280075073242,"z":-0.2999425530433655,"w":0.24146722257137299},"size":0.08113927394151688,"orthographic":false}