{"cameraMode":{"drawMode":0,"name":"Shaded","section":"Shading Mode"},"sceneLighting":false,"audioPlay":false,"sceneViewState":{"m_AlwaysRefresh":false,"showFog":true,"showSkybox":false,"showFlares":true,"showImageEffects":true,"showParticleSystems":true,"showVisualEffectGraphs":true,"m_FxEnabled":true},"in2DMode":false,"pivot":{"x":3.0913901329040529,"y":-15.272688865661621,"z":27.646635055541993},"rotation":{"x":-0.24769705533981324,"y":-0.05054007098078728,"z":0.018177280202507974,"w":-0.9685105085372925},"size":27.66948699951172,"orthographic":false}