{"cameraMode":{"drawMode":0,"name":"Shaded","section":"Shading Mode"},"sceneLighting":true,"audioPlay":false,"sceneViewState":{"m_AlwaysRefresh":false,"showFog":true,"showSkybox":true,"showFlares":true,"showImageEffects":true,"showParticleSystems":true,"showVisualEffectGraphs":true,"m_FxEnabled":true},"in2DMode":false,"pivot":{"x":681.6445922851563,"y":-109.00719451904297,"z":-18.310909271240236},"rotation":{"x":-0.07812146097421646,"y":0.7665272355079651,"z":-0.09500192105770111,"w":-0.630325198173523},"size":0.26343557238578799,"orthographic":false}