{"cameraMode":{"drawMode":0,"name":"Shaded","section":"Shading Mode"},"sceneLighting":false,"audioPlay":false,"sceneViewState":{"m_AlwaysRefresh":false,"showFog":true,"showSkybox":false,"showFlares":true,"showImageEffects":true,"showParticleSystems":true,"showVisualEffectGraphs":true,"m_FxEnabled":true},"in2DMode":false,"pivot":{"x":-1.0166717767715455,"y":1.2108510732650757,"z":2.3148484230041506},"rotation":{"x":0.08164915442466736,"y":0.8374640345573425,"z":-0.13081835210323335,"w":0.5244892239570618},"size":0.6941492557525635,"orthographic":false}